,from,to,weight
0,Ciutat Vella,Andalusia,188
1,Ciutat Vella,Aragon,64
2,Ciutat Vella,Canary Islands,95
3,Ciutat Vella,Cantabria,17
4,Ciutat Vella,Castilla-La Mancha,23
5,Ciutat Vella,Castile and León,39
6,Ciutat Vella,Catalonia,2906
7,Ciutat Vella,Ceuta,0
8,Ciutat Vella,Community of Madrid,259
9,Ciutat Vella,Navarre,11
10,Ciutat Vella,Valencian Community,167
11,Ciutat Vella,Abroad,486
12,Ciutat Vella,Extremadura,19
13,Ciutat Vella,Galicia,55
14,Ciutat Vella,Balearic Islands,187
15,Ciutat Vella,Melilla,4
16,Ciutat Vella,Basque Country,62
17,Ciutat Vella,Asturias,14
18,Ciutat Vella,Region of Murcia,24
19,Ciutat Vella,La Rioja,9
20,Eixample,Andalusia,256
21,Eixample,Aragon,127
22,Eixample,Canary Islands,172
23,Eixample,Cantabria,19
24,Eixample,Castilla-La Mancha,28
25,Eixample,Castile and León,93
26,Eixample,Catalonia,5409
27,Eixample,Ceuta,2
28,Eixample,Community of Madrid,580
29,Eixample,Navarre,37
30,Eixample,Valencian Community,313
31,Eixample,Abroad,1158
32,Eixample,Extremadura,23
33,Eixample,Galicia,139
34,Eixample,Balearic Islands,321
35,Eixample,Melilla,2
36,Eixample,Basque Country,96
37,Eixample,Asturias,38
38,Eixample,Region of Murcia,54
39,Eixample,La Rioja,16
40,Gràcia,Andalusia,109
41,Gràcia,Aragon,44
42,Gràcia,Canary Islands,54
43,Gràcia,Cantabria,9
44,Gràcia,Castilla-La Mancha,14
45,Gràcia,Castile and León,31
46,Gràcia,Catalonia,2440
47,Gràcia,Ceuta,0
48,Gràcia,Community of Madrid,212
49,Gràcia,Navarre,23
50,Gràcia,Valencian Community,150
51,Gràcia,Abroad,436
52,Gràcia,Extremadura,11
53,Gràcia,Galicia,77
54,Gràcia,Balearic Islands,113
55,Gràcia,Melilla,1
56,Gràcia,Basque Country,38
57,Gràcia,Asturias,15
58,Gràcia,Region of Murcia,28
59,Gràcia,La Rioja,2
60,Horta-Guinardó,Andalusia,148
61,Horta-Guinardó,Aragon,82
62,Horta-Guinardó,Canary Islands,69
63,Horta-Guinardó,Cantabria,18
64,Horta-Guinardó,Castilla-La Mancha,52
65,Horta-Guinardó,Castile and León,41
66,Horta-Guinardó,Catalonia,3354
67,Horta-Guinardó,Ceuta,0
68,Horta-Guinardó,Community of Madrid,193
69,Horta-Guinardó,Navarre,15
70,Horta-Guinardó,Valencian Community,180
71,Horta-Guinardó,Abroad,398
72,Horta-Guinardó,Extremadura,33
73,Horta-Guinardó,Galicia,74
74,Horta-Guinardó,Balearic Islands,117
75,Horta-Guinardó,Melilla,2
76,Horta-Guinardó,Basque Country,45
77,Horta-Guinardó,Asturias,17
78,Horta-Guinardó,Region of Murcia,11
79,Horta-Guinardó,La Rioja,11
80,Les Corts,Andalusia,72
81,Les Corts,Aragon,31
82,Les Corts,Canary Islands,46
83,Les Corts,Cantabria,4
84,Les Corts,Castilla-La Mancha,30
85,Les Corts,Castile and León,35
86,Les Corts,Catalonia,1668
87,Les Corts,Ceuta,2
88,Les Corts,Community of Madrid,168
89,Les Corts,Navarre,7
90,Les Corts,Valencian Community,75
91,Les Corts,Abroad,380
92,Les Corts,Extremadura,9
93,Les Corts,Galicia,34
94,Les Corts,Balearic Islands,61
95,Les Corts,Melilla,2
96,Les Corts,Basque Country,15
97,Les Corts,Asturias,12
98,Les Corts,Region of Murcia,3
99,Les Corts,La Rioja,5
100,Nou Barris,Andalusia,195
101,Nou Barris,Aragon,74
102,Nou Barris,Canary Islands,47
103,Nou Barris,Cantabria,6
104,Nou Barris,Castilla-La Mancha,50
105,Nou Barris,Castile and León,57
106,Nou Barris,Catalonia,3667
107,Nou Barris,Ceuta,0
108,Nou Barris,Community of Madrid,158
109,Nou Barris,Navarre,18
110,Nou Barris,Valencian Community,132
111,Nou Barris,Abroad,386
112,Nou Barris,Extremadura,29
113,Nou Barris,Galicia,84
114,Nou Barris,Balearic Islands,70
115,Nou Barris,Melilla,2
116,Nou Barris,Basque Country,37
117,Nou Barris,Asturias,20
118,Nou Barris,Region of Murcia,26
119,Nou Barris,La Rioja,3
120,Sant Andreu,Andalusia,119
121,Sant Andreu,Aragon,67
122,Sant Andreu,Canary Islands,58
123,Sant Andreu,Cantabria,7
124,Sant Andreu,Castilla-La Mancha,42
125,Sant Andreu,Castile and León,49
126,Sant Andreu,Catalonia,3102
127,Sant Andreu,Ceuta,2
128,Sant Andreu,Community of Madrid,168
129,Sant Andreu,Navarre,16
130,Sant Andreu,Valencian Community,119
131,Sant Andreu,Abroad,265
132,Sant Andreu,Extremadura,20
133,Sant Andreu,Galicia,58
134,Sant Andreu,Balearic Islands,65
135,Sant Andreu,Melilla,1
136,Sant Andreu,Basque Country,27
137,Sant Andreu,Asturias,15
138,Sant Andreu,Region of Murcia,11
139,Sant Andreu,La Rioja,3
140,Sant Martí,Andalusia,232
141,Sant Martí,Aragon,124
142,Sant Martí,Canary Islands,104
143,Sant Martí,Cantabria,24
144,Sant Martí,Castilla-La Mancha,46
145,Sant Martí,Castile and León,72
146,Sant Martí,Catalonia,5025
147,Sant Martí,Ceuta,1
148,Sant Martí,Community of Madrid,281
149,Sant Martí,Navarre,28
150,Sant Martí,Valencian Community,235
151,Sant Martí,Abroad,750
152,Sant Martí,Extremadura,25
153,Sant Martí,Galicia,111
154,Sant Martí,Balearic Islands,175
155,Sant Martí,Melilla,1
156,Sant Martí,Basque Country,57
157,Sant Martí,Asturias,28
158,Sant Martí,Region of Murcia,36
159,Sant Martí,La Rioja,7
160,Sants-Montjuïc,Andalusia,196
161,Sants-Montjuïc,Aragon,90
162,Sants-Montjuïc,Canary Islands,78
163,Sants-Montjuïc,Cantabria,23
164,Sants-Montjuïc,Castilla-La Mancha,44
165,Sants-Montjuïc,Castile and León,75
166,Sants-Montjuïc,Catalonia,5143
167,Sants-Montjuïc,Ceuta,3
168,Sants-Montjuïc,Community of Madrid,291
169,Sants-Montjuïc,Navarre,21
170,Sants-Montjuïc,Valencian Community,212
171,Sants-Montjuïc,Abroad,543
172,Sants-Montjuïc,Extremadura,23
173,Sants-Montjuïc,Galicia,112
174,Sants-Montjuïc,Balearic Islands,145
175,Sants-Montjuïc,Melilla,11
176,Sants-Montjuïc,Basque Country,56
177,Sants-Montjuïc,Asturias,31
178,Sants-Montjuïc,Region of Murcia,28
179,Sants-Montjuïc,La Rioja,11
180,Sarrià-Sant Gervasi,Andalusia,81
181,Sarrià-Sant Gervasi,Aragon,42
182,Sarrià-Sant Gervasi,Canary Islands,66
183,Sarrià-Sant Gervasi,Cantabria,5
184,Sarrià-Sant Gervasi,Castilla-La Mancha,18
185,Sarrià-Sant Gervasi,Castile and León,25
186,Sarrià-Sant Gervasi,Catalonia,2322
187,Sarrià-Sant Gervasi,Ceuta,2
188,Sarrià-Sant Gervasi,Community of Madrid,337
189,Sarrià-Sant Gervasi,Navarre,10
190,Sarrià-Sant Gervasi,Valencian Community,128
191,Sarrià-Sant Gervasi,Abroad,683
192,Sarrià-Sant Gervasi,Extremadura,9
193,Sarrià-Sant Gervasi,Galicia,51
194,Sarrià-Sant Gervasi,Balearic Islands,174
195,Sarrià-Sant Gervasi,Melilla,1
196,Sarrià-Sant Gervasi,Basque Country,42
197,Sarrià-Sant Gervasi,Asturias,14
198,Sarrià-Sant Gervasi,Region of Murcia,22
199,Sarrià-Sant Gervasi,La Rioja,5
200,Andalusia,Ciutat Vella,285
201,Andalusia,Eixample,446
202,Andalusia,Gràcia,196
203,Andalusia,Horta-Guinardó,233
204,Andalusia,Les Corts,94
205,Andalusia,Nou Barris,212
206,Andalusia,Sant Andreu,184
207,Andalusia,Sant Martí,300
208,Andalusia,Sants-Montjuïc,323
209,Andalusia,Sarrià-Sant Gervasi,143
210,Aragon,Ciutat Vella,62
211,Aragon,Eixample,149
212,Aragon,Gràcia,55
213,Aragon,Horta-Guinardó,71
214,Aragon,Les Corts,55
215,Aragon,Nou Barris,65
216,Aragon,Sant Andreu,66
217,Aragon,Sant Martí,139
218,Aragon,Sants-Montjuïc,98
219,Aragon,Sarrià-Sant Gervasi,51
220,Canary Islands,Ciutat Vella,107
221,Canary Islands,Eixample,168
222,Canary Islands,Gràcia,61
223,Canary Islands,Horta-Guinardó,64
224,Canary Islands,Les Corts,48
225,Canary Islands,Nou Barris,60
226,Canary Islands,Sant Andreu,62
227,Canary Islands,Sant Martí,136
228,Canary Islands,Sants-Montjuïc,90
229,Canary Islands,Sarrià-Sant Gervasi,67
230,Cantabria,Ciutat Vella,17
231,Cantabria,Eixample,36
232,Cantabria,Gràcia,19
233,Cantabria,Horta-Guinardó,18
234,Cantabria,Les Corts,7
235,Cantabria,Nou Barris,8
236,Cantabria,Sant Andreu,11
237,Cantabria,Sant Martí,16
238,Cantabria,Sants-Montjuïc,23
239,Cantabria,Sarrià-Sant Gervasi,7
240,Castilla-La Mancha,Ciutat Vella,55
241,Castilla-La Mancha,Eixample,73
242,Castilla-La Mancha,Gràcia,43
243,Castilla-La Mancha,Horta-Guinardó,37
244,Castilla-La Mancha,Les Corts,17
245,Castilla-La Mancha,Nou Barris,49
246,Castilla-La Mancha,Sant Andreu,46
247,Castilla-La Mancha,Sant Martí,56
248,Castilla-La Mancha,Sants-Montjuïc,47
249,Castilla-La Mancha,Sarrià-Sant Gervasi,22
250,Castile and León,Ciutat Vella,61
251,Castile and León,Eixample,188
252,Castile and León,Gràcia,66
253,Castile and León,Horta-Guinardó,67
254,Castile and León,Les Corts,40
255,Castile and León,Nou Barris,61
256,Castile and León,Sant Andreu,53
257,Castile and León,Sant Martí,108
258,Castile and León,Sants-Montjuïc,119
259,Castile and León,Sarrià-Sant Gervasi,51
260,Catalonia,Ciutat Vella,2389
261,Catalonia,Eixample,4398
262,Catalonia,Gràcia,1958
263,Catalonia,Horta-Guinardó,2819
264,Catalonia,Les Corts,1453
265,Catalonia,Nou Barris,3130
266,Catalonia,Sant Andreu,2464
267,Catalonia,Sant Martí,4111
268,Catalonia,Sants-Montjuïc,3816
269,Catalonia,Sarrià-Sant Gervasi,2241
270,Ceuta,Ciutat Vella,5
271,Ceuta,Eixample,2
272,Ceuta,Gràcia,4
273,Ceuta,Horta-Guinardó,0
274,Ceuta,Les Corts,0
275,Ceuta,Nou Barris,1
276,Ceuta,Sant Andreu,5
277,Ceuta,Sant Martí,1
278,Ceuta,Sants-Montjuïc,5
279,Ceuta,Sarrià-Sant Gervasi,1
280,Community of Madrid,Ciutat Vella,333
281,Community of Madrid,Eixample,629
282,Community of Madrid,Gràcia,260
283,Community of Madrid,Horta-Guinardó,211
284,Community of Madrid,Les Corts,164
285,Community of Madrid,Nou Barris,171
286,Community of Madrid,Sant Andreu,197
287,Community of Madrid,Sant Martí,350
288,Community of Madrid,Sants-Montjuïc,340
289,Community of Madrid,Sarrià-Sant Gervasi,287
290,Navarre,Ciutat Vella,18
291,Navarre,Eixample,66
292,Navarre,Gràcia,16
293,Navarre,Horta-Guinardó,21
294,Navarre,Les Corts,9
295,Navarre,Nou Barris,13
296,Navarre,Sant Andreu,17
297,Navarre,Sant Martí,29
298,Navarre,Sants-Montjuïc,31
299,Navarre,Sarrià-Sant Gervasi,26
300,Valencian Community,Ciutat Vella,246
301,Valencian Community,Eixample,457
302,Valencian Community,Gràcia,206
303,Valencian Community,Horta-Guinardó,198
304,Valencian Community,Les Corts,116
305,Valencian Community,Nou Barris,134
306,Valencian Community,Sant Andreu,149
307,Valencian Community,Sant Martí,301
308,Valencian Community,Sants-Montjuïc,357
309,Valencian Community,Sarrià-Sant Gervasi,141
310,Abroad,Ciutat Vella,8586
311,Abroad,Eixample,11473
312,Abroad,Gràcia,3964
313,Abroad,Horta-Guinardó,3716
314,Abroad,Les Corts,2164
315,Abroad,Nou Barris,4031
316,Abroad,Sant Andreu,2844
317,Abroad,Sant Martí,6601
318,Abroad,Sants-Montjuïc,5903
319,Abroad,Sarrià-Sant Gervasi,3803
320,Extremadura,Ciutat Vella,21
321,Extremadura,Eixample,50
322,Extremadura,Gràcia,24
323,Extremadura,Horta-Guinardó,34
324,Extremadura,Les Corts,8
325,Extremadura,Nou Barris,25
326,Extremadura,Sant Andreu,13
327,Extremadura,Sant Martí,32
328,Extremadura,Sants-Montjuïc,24
329,Extremadura,Sarrià-Sant Gervasi,9
330,Galicia,Ciutat Vella,98
331,Galicia,Eixample,205
332,Galicia,Gràcia,77
333,Galicia,Horta-Guinardó,77
334,Galicia,Les Corts,49
335,Galicia,Nou Barris,99
336,Galicia,Sant Andreu,46
337,Galicia,Sant Martí,153
338,Galicia,Sants-Montjuïc,130
339,Galicia,Sarrià-Sant Gervasi,49
340,Balearic Islands,Ciutat Vella,155
341,Balearic Islands,Eixample,347
342,Balearic Islands,Gràcia,162
343,Balearic Islands,Horta-Guinardó,132
344,Balearic Islands,Les Corts,68
345,Balearic Islands,Nou Barris,102
346,Balearic Islands,Sant Andreu,81
347,Balearic Islands,Sant Martí,172
348,Balearic Islands,Sants-Montjuïc,176
349,Balearic Islands,Sarrià-Sant Gervasi,239
350,Melilla,Ciutat Vella,16
351,Melilla,Eixample,5
352,Melilla,Gràcia,4
353,Melilla,Horta-Guinardó,2
354,Melilla,Les Corts,1
355,Melilla,Nou Barris,9
356,Melilla,Sant Andreu,7
357,Melilla,Sant Martí,2
358,Melilla,Sants-Montjuïc,11
359,Melilla,Sarrià-Sant Gervasi,3
360,Basque Country,Ciutat Vella,78
361,Basque Country,Eixample,159
362,Basque Country,Gràcia,74
363,Basque Country,Horta-Guinardó,46
364,Basque Country,Les Corts,39
365,Basque Country,Nou Barris,47
366,Basque Country,Sant Andreu,40
367,Basque Country,Sant Martí,93
368,Basque Country,Sants-Montjuïc,86
369,Basque Country,Sarrià-Sant Gervasi,48
370,Asturias,Ciutat Vella,24
371,Asturias,Eixample,98
372,Asturias,Gràcia,25
373,Asturias,Horta-Guinardó,26
374,Asturias,Les Corts,22
375,Asturias,Nou Barris,9
376,Asturias,Sant Andreu,15
377,Asturias,Sant Martí,38
378,Asturias,Sants-Montjuïc,46
379,Asturias,Sarrià-Sant Gervasi,20
380,Region of Murcia,Ciutat Vella,43
381,Region of Murcia,Eixample,70
382,Region of Murcia,Gràcia,29
383,Region of Murcia,Horta-Guinardó,20
384,Region of Murcia,Les Corts,13
385,Region of Murcia,Nou Barris,30
386,Region of Murcia,Sant Andreu,28
387,Region of Murcia,Sant Martí,66
388,Region of Murcia,Sants-Montjuïc,42
389,Region of Murcia,Sarrià-Sant Gervasi,13
390,La Rioja,Ciutat Vella,12
391,La Rioja,Eixample,28
392,La Rioja,Gràcia,11
393,La Rioja,Horta-Guinardó,7
394,La Rioja,Les Corts,8
395,La Rioja,Nou Barris,18
396,La Rioja,Sant Andreu,7
397,La Rioja,Sant Martí,16
398,La Rioja,Sants-Montjuïc,16
399,La Rioja,Sarrià-Sant Gervasi,6
400,Abroad,Barcelona,53085
401,Andalusia,Barcelona,2416
402,Aragon,Barcelona,811
403,Asturias,Barcelona,323
404,Balearic Islands,Barcelona,1634
405,Barcelona,Abroad,5485
406,Barcelona,Andalusia,1596
407,Barcelona,Aragon,745
408,Barcelona,Asturias,204
409,Barcelona,Balearic Islands,1428
410,Barcelona,Basque Country,475
411,Barcelona,Canary Islands,789
412,Barcelona,Cantabria,132
413,Barcelona,Castile and León,517
414,Barcelona,Castilla-La Mancha,347
415,Barcelona,Catalonia,35036
416,Barcelona,Ceuta,12
417,Barcelona,Community of Madrid,2647
418,Barcelona,Extremadura,201
419,Barcelona,Galicia,795
420,Barcelona,La Rioja,72
421,Barcelona,Melilla,27
422,Barcelona,Navarre,186
423,Barcelona,Region of Murcia,243
424,Barcelona,Valencian Community,1711
425,Basque Country,Barcelona,710
426,Canary Islands,Barcelona,863
427,Cantabria,Barcelona,162
428,Castile and León,Barcelona,814
429,Castilla-La Mancha,Barcelona,445
430,Catalonia,Barcelona,28779
431,Ceuta,Barcelona,24
432,Community of Madrid,Barcelona,2942
433,Extremadura,Barcelona,240
434,Galicia,Barcelona,983
435,La Rioja,Barcelona,129
436,Melilla,Barcelona,60
437,Navarre,Barcelona,246
438,Region of Murcia,Barcelona,354
439,Valencian Community,Barcelona,2305
